Products Name,Prices,Descriptions,Reviews,Clean_Price_INR,RAM_GB,ROM_GB,Battery_mAh,Display_Inches,Processor,Brand
"OnePlus Nord 6 (Pitch Black, 256 GB)","₹49,730","12 GB RAM | 256 GB ROM | Expandable Upto 256 GB17.22 cm (6.78 inch) Full HD+ Display50MP Rear Camera9000 mAh Battery4 octa-core processor Processorone-year limited warranty starting from the date of delivery, covering manufacturing defects in materials and workmanship",4.6,49730.0,12.0,256,9000.0,6.78,Unknown,OnePlus
"OPPO Reno15c 5G (Afterglow Pink, 256 GB)","₹44,999",12 GB RAM | 256 GB ROM16.69 cm (6.57 inch) Full HD+ Display50MP + 8MP + 2MP | Yes7000 mAh Battery6 Gen 1 Processor1 Year Manufacturer Warranty for Device and 6 Months Manufacturer Warranty for Inbox Accessories,4.3,44999.0,12.0,256,7000.0,6.57,Snapdragon 6 Gen 1,OPPO
"Google Pixel 10a (Fog, 256 GB)","₹49,999",8 GB RAM | 256 GB ROM16.0 cm (6.3 inch) Full HD+ AMOLED Display48MP + 13MP | 13MP Front Camera5100 mAh Lithium BatteryTensor G4 Processor1 year domestic warranty,4.5,49999.0,8.0,256,5100.0,6.3,Tensor G4,Google
"OPPO Reno15 5G (Twilight Blue, 256 GB)","₹47,999",8 GB RAM | 256 GB ROM16.74 cm (6.59 inch) Full HD+ Display50MP + 50MP + 8MP | Yes6500 mAh Battery7 Gen 4 Processor1 Year Manufacturer Warranty for Device and 6 Months Manufacturer Warranty for Inbox Accessories,4.5,47999.0,8.0,256,6500.0,6.59,Snapdragon 7 Gen 4,OPPO
"OPPO Reno14 5G (Forest Green, 512 GB)","₹47,999",12 GB RAM | 512 GB ROM16.74 cm (6.59 inch) Display50MP + 8MP + 50MP | 50MP Front Camera6000 mAh BatteryDimensity 8350 Processor1 Year Manufacturer Warranty for Device and 6 Months Manufacturer Warranty for Inbox Accessories,4.5,47999.0,12.0,512,6000.0,6.59,Dimensity 8350,OPPO
"Samsung Galaxy S24 5G Snapdragon (Marble Gray, 128 GB)","₹49,999",8 GB RAM | 128 GB ROM15.75 cm (6.2 inch) Full HD+ Display50MP + 12MP | 12MP Front Camera4000 mAh Battery8 Gen 3 Processor1 Year Manufacturer Warranty for Device and 6 Months for In-Box Accessories,4.6,49999.0,8.0,128,4000.0,6.2,Snapdragon 8 Gen 3,Samsung
"REDMI Note-14 Pro+ 5G (Spectre Blue, 512 GB)","₹38,990",12 GB RAM | 512 GB ROM16.94 cm (6.67 inch) Display50MP + 50MP + 8MP | 20MP Front Camera6200 mAh Battery7s Gen 3 Processor1 Year Manufacturer Warranty for Phone and 6 Months Warranty for In the Box Accessories,4.4,38990.0,12.0,512,6200.0,6.67,Snapdragon 7s Gen 3,REDMI
"MOTOROLA Razr 60 (PANTONE Spring Bud, 256 GB)","₹49,999",8 GB RAM | 256 GB ROM17.53 cm (6.9 inch) Full HD+ Display50MP + 13MP | 32MP Front Camera4500 mAh BatteryDimensity 7400X Processor1 Year Warranty on Handset and 6 Months Warranty on Accessories,4.4,49999.0,8.0,256,4500.0,6.9,Dimensity 7400X,Motorola/Moto
"Samsung Galaxy S24 FE 5G (Blue, 256 GB)","₹45,999",8 GB RAM | 256 GB ROM17.02 cm (6.7 inch) Full HD+ Display50MP + 12MP + 8MP | 10MP Front Camera4700 mAh BatteryExynos 2400e Processor1 Year Manufacturer Warranty for Device and 6 Months for In-Box Accessories,4.5,45999.0,8.0,256,4700.0,6.7,Exynos 2400e,Samsung
"Samsung Galaxy S24 FE 5G (Graphite, 256 GB)","₹45,999",8 GB RAM | 256 GB ROM17.02 cm (6.7 inch) Full HD+ Display50MP + 12MP + 8MP | 10MP Front Camera4700 mAh BatteryExynos 2400e Processor1 Year Manufacturer Warranty for Device and 6 Months for In-Box Accessories,4.5,45999.0,8.0,256,4700.0,6.7,Exynos 2400e,Samsung
"OnePlus 12 (Glacial White, 256 GB)","₹50,267",12 GB RAM | 256 GB ROM17.32 cm (6.82 inch) Full HD+ AMOLED Display50MP Rear Camera5400 mAh BatteryQualcomm SM8650-AB Snapdragon 8 Gen 3 (4 nm) Processor1 Year manufacturer warranty for device and 1 year manufacturer warranty for in-box accessories including batteries from the date of purchase,4.6,50267.0,12.0,256,5400.0,6.82,Qualcomm SM8650-AB Snapdragon 8 Gen 3 (4 nm),OnePlus
"Google Pixel 10a (Obsidian, 256 GB)","₹49,999",8 GB RAM | 256 GB ROM16.0 cm (6.3 inch) Full HD+ AMOLED Display48MP + 13MP | 13MP Front Camera5100 mAh Lithium BatteryTensor G4 Processor1 year domestic warranty,4.5,49999.0,8.0,256,5100.0,6.3,Tensor G4,Google
"OPPO Reno14 5G (Forest Green, 256 GB)","₹36,999",8 GB RAM | 256 GB ROM16.74 cm (6.59 inch) Display50MP + 8MP + 50MP | 50MP Front Camera6000 mAh BatteryDimensity 8350 Processor1 Year Manufacturer Warranty for Device and 6 Months Manufacturer Warranty for Inbox Accessories,4.5,36999.0,8.0,256,6000.0,6.59,Dimensity 8350,OPPO
"Samsung Galaxy S25 FE 5G (Navy, 128 GB)","₹46,999",8 GB RAM | 128 GB ROM17.02 cm (6.7 inch) Full HD+ Display50MP + 12MP + 8MP | 12MP Front Camera4900 mAh Li-ion BatteryExynos 2400 Processor1 Year Manufacturer Warranty for Device and 6 Months for In-Box Accessories,4.6,46999.0,8.0,128,4900.0,6.7,Exynos 2400,Samsung
"OPPO Reno15 5G (Glacier White, 256 GB)","₹47,999",8 GB RAM | 256 GB ROM16.74 cm (6.59 inch) Full HD+ Display50MP + 50MP + 8MP | Yes6500 mAh Battery7 Gen 4 Processor1 Year Manufacturer Warranty for Device and 6 Months Manufacturer Warranty for Inbox Accessories,4.5,47999.0,8.0,256,6500.0,6.59,Snapdragon 7 Gen 4,OPPO
"OnePlus 13s 5G (Black Velvet, 512 GB)","₹55,990",12 GB RAM | 512 GB ROM16.05 cm (6.32 inch) Display50MP Rear Camera5850 mAh Battery1 Year Warranty,4.6,55990.0,12.0,512,5850.0,6.32,Unknown,OnePlus
"Nothing Phone (4a) Pro (Silver, 128 GB)","₹49,999",8 GB RAM | 128 GB ROM17.35 cm (6.83 inch) Full HD+ AMOLED Display50MP + 50MP + 8MP | 32MP Front Camera5400 mAh Lithium ion BatterySnapdragon 7 Gen 4 Processor1 Year Manufacturing Warranty,4.5,49999.0,8.0,128,5400.0,6.83,Snapdragon 7 Gen 4,Nothing
"OPPO Reno14 5G (Forest Green, 256 GB)","₹44,999",12 GB RAM | 256 GB ROM16.74 cm (6.59 inch) Display50MP + 8MP + 50MP | 50MP Front Camera6000 mAh BatteryDimensity 8350 Processor1 Year Manufacturer Warranty for Device and 6 Months Manufacturer Warranty for Inbox Accessories,4.5,44999.0,12.0,256,6000.0,6.59,Dimensity 8350,OPPO
"Google Pixel 10a (Lavender, 256 GB)","₹49,999",8 GB RAM | 256 GB ROM16.0 cm (6.3 inch) Full HD+ AMOLED Display48MP + 13MP | 13MP Front Camera5100 mAh Lithium BatteryTensor G4 Processor1 year domestic warranty,4.5,49999.0,8.0,256,5100.0,6.3,Tensor G4,Google
"OPPO Reno13 5G (Ivory White, 256 GB)","₹40,999",8 GB RAM | 256 GB ROM16.74 cm (6.59 inch) Display50MP + 8MP + 2MP | 50MP Front Camera5600 mAh BatteryDimensity 8350 Processor1 Year Warranty on Handset and 6 Months Warranty on Accessories,4.4,40999.0,8.0,256,5600.0,6.59,Dimensity 8350,OPPO
"Xiaomi 14 CIVI (Matcha Green, 256 GB)","₹44,999",8 GB RAM | 256 GB ROM16.64 cm (6.55 inch) Display50MP Rear Camera | 32MP + 32MP Dual Front Camera4700 mAh Battery8s Gen 3 Mobile Platform Processor1 Year Manufacturer Warranty for Phone and 6 Months Warranty for In the Box Accessories,4.2,44999.0,8.0,256,4700.0,6.55,Snapdragon 8s Gen 3 Mobile Platform,Xiaomi
"MOTOROLA Edge 70 Pro+ (Satin-Luxe PANTONE Zinfandel (Maroon), 256 GB)","₹47,999",12 GB RAM | 256 GB ROM17.27 cm (6.8 inch) Full HD+ Super AMOLED Display50MP + 50MP + 50MP | 50MP Front Camera6500 mAh Silicon-Carbon BatteryDimensity 8500 Extreme Processor1 Year on Handset and 6 Months on Accessories,,47999.0,12.0,256,6500.0,6.8,Dimensity 8500 Extreme,Motorola/Moto
"Samsung Galaxy A36 5G (Awesome Lavender, 256 GB)","₹32,990",8 GB RAM | 256 GB ROM17.02 cm (6.7 inch) Full HD+ Display50MP + 8MP | 12MP Front Camera5000 mAh BatteryQualcomm Snapdragon 6 Gen 3 Processor1 Year Manufacturer Warranty for Device and 6 Months for In-Box Accessories,4.3,32990.0,8.0,256,5000.0,6.7,Qualcomm Snapdragon 6 Gen 3,Samsung
"Samsung Galaxy S25 FE 5G (Jetblack, 128 GB)","₹46,999",8 GB RAM | 128 GB ROM17.02 cm (6.7 inch) Full HD+ Display50MP + 12MP + 8MP | 12MP Front Camera4900 mAh Li-ion BatteryExynos 2400 Processor1 Year Manufacturer Warranty for Device and 6 Months for In-Box Accessories,4.6,46999.0,8.0,128,4900.0,6.7,Exynos 2400,Samsung
"Samsung Galaxy A36 5G (Awesome Lavender, 256 GB)","₹36,399",12 GB RAM | 256 GB ROM17.02 cm (6.7 inch) Full HD+ Display50MP + 8MP | 12MP Front Camera5000 mAh BatteryQualcomm Snapdragon 6 Gen 3 Processor1 Year Manufacturer Warranty for Device and 6 Months for In-Box Accessories,4.4,36399.0,12.0,256,5000.0,6.7,Qualcomm Snapdragon 6 Gen 3,Samsung
"OPPO Reno15 5G (Aurora Blue, 256 GB)","₹47,999",8 GB RAM | 256 GB ROM16.74 cm (6.59 inch) Full HD+ Display50MP + 50MP + 8MP | Yes6500 mAh Battery7 Gen 4 Processor1 Year Manufacturer Warranty for Device and 6 Months Manufacturer Warranty for Inbox Accessories,4.5,47999.0,8.0,256,6500.0,6.59,Snapdragon 7 Gen 4,OPPO
"OPPO Reno13 5G (Sky Blue, 512 GB)","₹41,999",12 GB RAM | 512 GB ROM16.74 cm (6.59 inch) Display50MP + 8MP + 2MP | 50MP Front Camera5600 mAh BatteryDimensity 8350 Processor1 Year Warranty on Handset and 6 Months Warranty on Accessories,4.5,41999.0,12.0,512,5600.0,6.59,Dimensity 8350,OPPO
"Samsung Galaxy A37 5G (Awesome Charcoal, 256 GB)","₹45,999",8 GB RAM | 256 GB ROM17.02 cm (6.7 inch) Full HD+ Super AMOLED Display50MP + 8MP | 12MP Front Camera5000 mAh Li-ion BatteryExynos 1480 Processor1 Year Manufacturer Warranty for Device and 6 Months for In-Box Accessories,4.3,45999.0,8.0,256,5000.0,6.7,Exynos 1480,Samsung
"OPPO Reno10 Pro 5G (Silvery Grey, 256 GB)","₹44,999",12 GB RAM | 256 GB ROM17.02 cm (6.7 inch) Full HD+ Display50MP + 32MP + 8MP | 32MP Front Camera4600 mAh BatterySnapdragon 778G 5G Processor1 Year Manufacturer Warranty for Phone and 6 Months Warranty for In the Box Accessories,4.3,44999.0,12.0,256,4600.0,6.7,Snapdragon 778G 5G,OPPO
"OPPO Reno14 5G (Pearl White, 256 GB)","₹44,999",12 GB RAM | 256 GB ROM16.74 cm (6.59 inch) Display50MP + 8MP + 50MP | 50MP Front Camera6000 mAh BatteryDimensity 8350 Processor1 Year Manufacturer Warranty for Device and 6 Months Manufacturer Warranty for Inbox Accessories,4.5,44999.0,12.0,256,6000.0,6.59,Dimensity 8350,OPPO
"Samsung Galaxy A37 5G (Awesome Graygreen, 256 GB)","₹45,999",8 GB RAM | 256 GB ROM17.02 cm (6.7 inch) Full HD+ Super AMOLED Display50MP + 8MP | 12MP Front Camera5000 mAh Li-ion BatteryExynos 1480 Processor1 Year Manufacturer Warranty for Device and 6 Months for In-Box Accessories,4.3,45999.0,8.0,256,5000.0,6.7,Exynos 1480,Samsung
"MOTOROLA Edge 70 Pro+ (Twill Inspired PANTONE Stormy sea (Green), 256 GB)","₹47,999",12 GB RAM | 256 GB ROM17.27 cm (6.8 inch) Full HD+ Super AMOLED Display50MP + 50MP + 50MP | 50MP Front Camera6500 mAh Silicon-Carbon BatteryDimensity 8500 Extreme Processor1 Year on Handset and 6 Months on Accessories,,47999.0,12.0,256,6500.0,6.8,Dimensity 8500 Extreme,Motorola/Moto
"OnePlus 13s 5G (Green Silk, 256 GB)","₹53,899",12 GB RAM | 256 GB ROM16.05 cm (6.32 inch) Display50MP Rear Camera5850 mAh Battery1 Year Warranty,4.6,53899.0,12.0,256,5850.0,6.32,Unknown,OnePlus
"Samsung Galaxy S21 FE 5G with Snapdragon 888 (Graphite, 128 GB)","₹49,999",8 GB RAM | 128 GB ROM16.26 cm (6.4 inch) Full HD+ Display12MP + 12MP + 8MP (OIS) | 32MP Front Camera4500 mAh Lithium-ion BatterySnapdragon 888 Processor1 Year Manufacturer Warranty for Device and 6 Months Manufacturer Warranty for In-Box Accessories,4.3,49999.0,8.0,128,4500.0,6.4,Snapdragon 888,Samsung
"OPPO Reno14 5G (Pearl White, 512 GB)","₹47,999",12 GB RAM | 512 GB ROM16.74 cm (6.59 inch) Display50MP + 8MP + 50MP | 50MP Front Camera6000 mAh BatteryDimensity 8350 Processor1 Year Manufacturer Warranty for Device and 6 Months Manufacturer Warranty for Inbox Accessories,4.5,47999.0,12.0,512,6000.0,6.59,Dimensity 8350,OPPO
"OPPO Reno 12 5G (Matte Brown, 256 GB)","₹43,999",8 GB RAM | 256 GB ROM | Expandable Upto 1 TB17.02 cm (6.7 inch) Full HD+ Display50MP + 8MP + 2MP | 32MP Front Camera5000 mAh BatteryDimensity 7300 Energy Processor1 Year Manufacturer Warranty for Device and 6 Months Manufacturer Warranty for Inbox Accessories,4.4,43999.0,8.0,256,5000.0,6.7,Dimensity 7300 Energy,OPPO
"OPPO Reno15 5G (Twilight Blue, 512 GB)","₹55,999",12 GB RAM | 512 GB ROM16.74 cm (6.59 inch) Full HD+ Display50MP + 50MP + 8MP | Yes6500 mAh Battery7 Gen 4 Processor1 Year Manufacturer Warranty for Device and 6 Months Manufacturer Warranty for Inbox Accessories,4.5,55999.0,12.0,512,6500.0,6.59,Snapdragon 7 Gen 4,OPPO
"OPPO Reno15 5G (Glacier White, 512 GB)","₹55,999",12 GB RAM | 512 GB ROM16.74 cm (6.59 inch) Full HD+ Display50MP + 50MP + 8MP | Yes6500 mAh Battery7 Gen 4 Processor1 Year Manufacturer Warranty for Device and 6 Months Manufacturer Warranty for Inbox Accessories,4.5,55999.0,12.0,512,6500.0,6.59,Snapdragon 7 Gen 4,OPPO
"vivo V30 Pro 5G (Classic Black, 512 GB)","₹43,999",12 GB RAM | 512 GB ROM17.22 cm (6.78 inch) Full HD+ Display50MP + 50MP + 50MP | 50MP Front Camera5000 mAh BatteryDimensity 8200 5G Processor1 Year Manufacturer Warranty for Device and 6 Months Manufacturer Warranty for Inbox Accessories,4.5,43999.0,12.0,512,5000.0,6.78,Dimensity 8200 5G,vivo
"Motorola Edge 30 Fusion (Cosmic grey, 128 GB)","₹49,999",8 GB RAM | 128 GB ROM16.64 cm (6.55 inch) Full HD+ Display50MP + 13MP + 2MP | 32MP Front Camera4400 mAh Lithium BatteryQualcomm Snapdragon 888 + Processor1 Year on Handset and 6 Months on Accessories,4.2,49999.0,8.0,128,4400.0,6.55,Qualcomm Snapdragon 888 +,Motorola/Moto
"OnePlus 12R (Cool Blue, 256 GB)","₹45,999",16 GB RAM | 256 GB ROM17.22 cm (6.78 inch) Display50MP Rear Camera5500 mAh Battery1 Year Brand Warranty,4.5,45999.0,16.0,256,5500.0,6.78,Unknown,OnePlus
"OnePlus 13s 5G (Green Silk, 512 GB)","₹56,849",12 GB RAM | 512 GB ROM16.05 cm (6.32 inch) Display50MP Rear Camera5850 mAh Battery1 Year Warranty,4.6,56849.0,12.0,512,5850.0,6.32,Unknown,OnePlus
"vivo T3 Ultra (Frost Green, 256 GB)","₹31,999",12 GB RAM | 256 GB ROM17.22 cm (6.78 inch) Display50MP + 8MP | 50MP Front Camera5500 mAh BatteryDimensity 9200+ Processor1 Year Warranty on Handset and 6 Months Warranty on Accessories,4.5,31999.0,12.0,256,5500.0,6.78,Dimensity 9200+,vivo
"OnePlus 13 (Midnight Ocean, 256 GB)","₹60,990","12 GB RAM | 256 GB ROM17.32 cm (6.82 inch) Quad HD+ Display50MP + 50MP + 50MP | 32MP Front Camera6000 mAh BatterySnapdragon® 8 Elite Processor1 Year Warranty
1 year manufacturer warranty for device and 1 year manufacturer warranty for in-box accessories including batteries from the date of purchase",4.5,60990.0,12.0,256,6000.0,6.82,Snapdragon® 8 Elite,OnePlus
"OnePlus 11 5G (Eternal Green, 128 GB)","₹38,948",8 GB RAM | 128 GB ROM17.02 cm (6.7 inch) Display50MP Rear Camera5000 mAh Batterydomestic warranty of 12 months on phone & 6 months on accessories,4.4,38948.0,8.0,128,5000.0,6.7,Unknown,OnePlus
"Google Pixel 6a (Chalk, 128 GB)","₹43,999",6 GB RAM | 128 GB ROM15.6 cm (6.14 inch) Full HD+ Display12.2MP + 12MP | 8MP Front Camera4410 mAh BatteryGoogle Tensor Processor1 Year Brand Warranty,4.3,43999.0,6.0,128,4410.0,6.14,Google Tensor,Google
"Google Pixel 6a (Charcoal, 128 GB)","₹43,999",6 GB RAM | 128 GB ROM15.6 cm (6.14 inch) Full HD+ Display12.2MP + 12MP | 8MP Front Camera4410 mAh BatteryGoogle Tensor Processor1 Year Brand Warranty,4.3,43999.0,6.0,128,4410.0,6.14,Google Tensor,Google
"vivo V30 Pro 5G (Andaman Blue, 512 GB)","₹43,999",12 GB RAM | 512 GB ROM17.22 cm (6.78 inch) Full HD+ Display50MP + 50MP + 50MP | 50MP Front Camera5000 mAh BatteryDimensity 8200 5G Processor1 Year Manufacturer Warranty for Device and 6 Months Manufacturer Warranty for Inbox Accessories,4.5,43999.0,12.0,512,5000.0,6.78,Dimensity 8200 5G,vivo
"OnePlus 11 5G (Eternal Green, 128 GB)","₹38,948",8 GB RAM | 128 GB ROM17.02 cm (6.7 inch) Display50MP Rear Camera5000 mAh Batterydomestic warranty of 12 months on phone & 6 months on accessories,4.4,38948.0,8.0,128,5000.0,6.7,Unknown,OnePlus
"Google Pixel 6a (Chalk, 128 GB)","₹43,999",6 GB RAM | 128 GB ROM15.6 cm (6.14 inch) Full HD+ Display12.2MP + 12MP | 8MP Front Camera4410 mAh BatteryGoogle Tensor Processor1 Year Brand Warranty,4.3,43999.0,6.0,128,4410.0,6.14,Google Tensor,Google
"Google Pixel 6a (Charcoal, 128 GB)","₹43,999",6 GB RAM | 128 GB ROM15.6 cm (6.14 inch) Full HD+ Display12.2MP + 12MP | 8MP Front Camera4410 mAh BatteryGoogle Tensor Processor1 Year Brand Warranty,4.3,43999.0,6.0,128,4410.0,6.14,Google Tensor,Google
"OnePlus 13 (Black Eclipse, 256 GB)","₹57,908","12 GB RAM | 256 GB ROM17.32 cm (6.82 inch) Quad HD+ Display50MP + 50MP + 50MP | 32MP Front Camera6000 mAh BatterySnapdragon® 8 Elite Processor1 Year Warranty
1 year manufacturer warranty for device and 1 year manufacturer warranty for in-box accessories including batteries from the date of purchase",4.5,57908.0,12.0,256,6000.0,6.82,Snapdragon® 8 Elite,OnePlus
"Samsung Galaxy A73 5G (Awesome Mint, 256 GB)","₹49,990",8 GB RAM | 256 GB ROM | Expandable Upto 1 TB17.02 cm (6.7 inch) Full HD+ Display108MP + 12MP + 5MP + 5MP | 32MP Front Camera5000 mAh Li-ion BatteryQualcomm Snapdragon 778G Processor1 Year Manufacturer Warranty for Device and 6 Months Manufacturer Warranty for In-Box,4.2,49990.0,8.0,256,5000.0,6.7,Qualcomm Snapdragon 778G,Samsung
"vivo X90 (Asteroid Black, 256 GB)","₹59,999",8 GB RAM | 256 GB ROM17.22 cm (6.78 inch) Full HD+ Display50MP + 12MP + 12MP | 32MP Front Camera4810 mAh BatteryDimensity 9200 Processor1 Year Handset and 6 Months Accessories,4.4,59999.0,8.0,256,4810.0,6.78,Dimensity 9200,vivo
"Samsung Galaxy A73 5G (Awesome Gray, 128 GB)","₹47,490",8 GB RAM | 128 GB ROM | Expandable Upto 1 TB17.02 cm (6.7 inch) Full HD+ Display108MP + 12MP + 5MP + 5MP | 32MP Front Camera5000 mAh Li-ion BatteryQualcomm Snapdragon 778G Processor1 Year Manufacturer Warranty for Device and 6 Months Manufacturer Warranty for In-Box,4.2,47490.0,8.0,128,5000.0,6.7,Qualcomm Snapdragon 778G,Samsung
"OPPO Reno13 5G (Luminous Blue, 256 GB)","₹43,999",8 GB RAM | 256 GB ROM16.74 cm (6.59 inch) Display50MP + 8MP + 2MP | 50MP Front Camera5600 mAh BatteryDimensity 8350 Processor1 Year Warranty on Handset and 6 Months Warranty on Accessories,4.4,43999.0,8.0,256,5600.0,6.59,Dimensity 8350,OPPO
"Samsung Galaxy A52s 5G (Awesome Black, 128 GB)","₹40,999",8 GB RAM | 128 GB ROM | Expandable Upto 1 TB16.51 cm (6.5 inch) Full HD+ Display64MP + 12MP + 5MP + 5MP | 32MP Front Camera4500 mAh Li-ion BatteryQualcomm Snapdragon 778G Processor1 Year Manufacturer Warranty for Device and 6 Months Manufacturer Warranty for In-box Accessories,4.2,40999.0,8.0,128,4500.0,6.5,Qualcomm Snapdragon 778G,Samsung
"Infinix Zero Flip 5G (Rock Black, 512 GB)","₹54,999",8 GB RAM | 512 GB ROM17.53 cm (6.9 inch) Full HD+ Display50MP + 50MP | 50MP Front Camera4720 mAh Lithium-ion Polymer BatteryDimensity 8020 ProcessorStandard 1 Year on Handset and 6 Months on Accessories. Physical and Liquid Damange Not Covered Under The Standard Warranty.,4.2,54999.0,8.0,512,4720.0,6.9,Dimensity 8020,Infinix
"vivo V27 5G (Magic Blue, 256 GB)","₹36,999",12 GB RAM | 256 GB ROM17.22 cm (6.78 Inch) Full HD+ AMOLED Display50MP (OIS) + 8MP + 2MP | 50MP Front Camera4600 mAh BatteryMediatek Dimensity 7200 5G Processor1 Year Brand Warranty,4.4,36999.0,12.0,256,4600.0,6.78,Mediatek Dimensity 7200 5G,vivo
"IQOO 3 (5G) (Tornado Black, 256 GB)","₹46,990","12 GB RAM | 256 GB ROM16.36 cm (6.44 inch) Full HD+ Display48MP + 13MP + 13MP + 2MP | 16MP Front Camera4440 mAh Li-ion BatteryQualcomm Snapdragon 865 ProcessorIn-Display Fingerprint Sensor, Monster Touch Buttons55 W Super Flash ChargeSuper AMOLED DisplayBrand Warranty of 1 Year Available for Mobile and Accessories",4.4,46990.0,12.0,256,4440.0,6.44,Qualcomm Snapdragon 865,IQOO
"Samsung Galaxy S24 FE 5G (Graphite, 128 GB)","₹39,999",8 GB RAM | 128 GB ROM17.02 cm (6.7 inch) Full HD+ Display50MP + 12MP + 8MP | 10MP Front Camera4700 mAh BatteryExynos 2400e Processor1 Year Manufacturer Warranty for Device and 6 Months for In-Box Accessories,4.5,39999.0,8.0,128,4700.0,6.7,Exynos 2400e,Samsung
"Samsung Galaxy S24 5G Snapdragon (Cobalt Violet, 128 GB)","₹49,999",8 GB RAM | 128 GB ROM15.75 cm (6.2 inch) Full HD+ Display50MP + 12MP | 12MP Front Camera4000 mAh Battery8 Gen 3 Processor1 Year Manufacturer Warranty for Device and 6 Months for In-Box Accessories,4.6,49999.0,8.0,128,4000.0,6.2,Snapdragon 8 Gen 3,Samsung
"MOTOROLA Razr 60 (PANTONE Gibraltar Sea, 256 GB)","₹49,999",8 GB RAM | 256 GB ROM17.53 cm (6.9 inch) Full HD+ Display50MP + 13MP | 32MP Front Camera4500 mAh BatteryDimensity 7400X Processor1 Year Warranty on Handset and 6 Months Warranty on Accessories,4.4,49999.0,8.0,256,4500.0,6.9,Dimensity 7400X,Motorola/Moto
"IQOO 15R 5G (Dark Knight, 256 GB)","₹47,899",12 GB RAM | 256 GB ROM16.74 cm (6.59 inch) Display50MP Rear Camera7600 mAh Battery12 Months Brand Warranty,4.6,47899.0,12.0,256,7600.0,6.59,Unknown,IQOO
"OnePlus 13R 5g (Astral Trail, 256 GB)","₹37,628",12 GB RAM | 256 GB ROM17.22 cm (6.78 inch) Display50MP Rear Camera6000 mAh Battery1 year manufacturer warranty for device and 1 year manufacturer warranty for in-box accessories including batteries from the date of purchase,4.5,37628.0,12.0,256,6000.0,6.78,Unknown,OnePlus
"vivo X80 (Cosmic Black, 256 GB)","₹42,990",12 GB RAM | 256 GB ROM17.22 cm (6.78 inch) Full HD+ Display50MP + 12MP + 12MP | 32MP Front Camera4500 mAh Lithium BatteryMediatek Dimensity 9000 Processor1 Year on Handset and 6 Months on Accessories,4.5,42990.0,12.0,256,4500.0,6.78,Mediatek Dimensity 9000,vivo
"IQOO 12 5G (Alpha, 256 GB)","₹49,999",12 GB RAM | 256 GB ROM17.22 cm (6.78 inch) Display50MP Rear Camera5000 mAh Battery1 Year Brand Warranty,4.6,49999.0,12.0,256,5000.0,6.78,Unknown,IQOO
"OnePlus 9 5G (Winter Mist, 256 GB)","₹49,999",12 GB RAM | 256 GB ROM16.64 cm (6.55 inch) Display48MP Rear Camera4500 mAh Battery1 Year,3.9,49999.0,12.0,256,4500.0,6.55,Unknown,OnePlus
"OnePlus 13R 5G (Nebula Noir, 256 GB)","₹37,895",12 GB RAM | 256 GB ROM17.22 cm (6.78 inch) Display50MP Rear Camera6000 mAh Battery1 year manufacturer warranty for device and 1 year manufacturer warranty for in-box accessories including batteries from the date of purchase,4.5,37895.0,12.0,256,6000.0,6.78,Unknown,OnePlus
"OnePlus 13s 5G (Pink Satin, 256 GB)","₹45,423",12 GB RAM | 256 GB ROM16.05 cm (6.32 inch) Display50MP Rear Camera5850 mAh Battery1 Year Warranty,4.6,45423.0,12.0,256,5850.0,6.32,Unknown,OnePlus
"Xiaomi 14 CIVI (Panda White, 512 GB)","₹31,999",12 GB RAM | 512 GB ROM16.64 cm (6.55 inch) Display50MP Rear Camera | 32MP + 32MP Dual Front Camera4700 mAh Battery8s Gen 3 Mobile Platform Processor1 Year Manufacturer Warranty for Phone and 6 Months Warranty for In the Box Accessories,4.3,31999.0,12.0,512,4700.0,6.55,Snapdragon 8s Gen 3 Mobile Platform,Xiaomi
"OnePlus 13s 5G (Black Velvet, 256 GB)","₹43,539",12 GB RAM | 256 GB ROM16.05 cm (6.32 inch) Display50MP Rear Camera5850 mAh Battery1 Year Warranty,4.6,43539.0,12.0,256,5850.0,6.32,Unknown,OnePlus
"Samsung Galaxy S23 5G (Green, 128 GB)","₹47,999",8 GB RAM | 128 GB ROM15.49 cm (6.1 inch) Full HD+ Display50MP + 10MP + 12MP | 12MP Front Camera3900 mAh Lithium Ion BatteryQualcomm Snapdragon 8 Gen 2 Processor1 Year Manufacturer Warranty for Device and 6 Months Manufacturer Warranty for In-Box Accessories,4.6,47999.0,8.0,128,3900.0,6.1,Qualcomm Snapdragon 8 Gen 2,Samsung
"Xiaomi 14 CIVI (Hot Pink, 512 GB)","₹44,999",12 GB RAM | 512 GB ROM16.64 cm (6.55 inch) Display50MP Rear Camera | 32MP + 32MP Dual Front Camera4700 mAh Battery8s Gen 3 Mobile Platform Processor1 Year Manufacturer Warranty for Phone and 6 Months Warranty for In the Box Accessories,4.3,44999.0,12.0,512,4700.0,6.55,Snapdragon 8s Gen 3 Mobile Platform,Xiaomi
"OnePlus 11 5G (Eternal Green, 256 GB)","₹38,988",16 GB RAM | 256 GB ROM17.02 cm (6.7 inch) Display50MP Rear Camera5000 mAh Batterydomestic warranty of 12 months on phone & 6 months on accessories,4.5,38988.0,16.0,256,5000.0,6.7,Unknown,OnePlus
"OnePlus 12R (Iron Gray, 256 GB)",,"8 GB RAM | 256 GB ROM17.22 cm (6.78 inch) Display50MP Rear Camera5500 mAh Battery1 Year Warranty
1 year manufacturer warranty for device and 1 year manufacturer warranty for in-box accessories including batteries from the date of purchase",4.5,,8.0,256,5500.0,6.78,Unknown,OnePlus
"OnePlus 13R 5G (Nebula Noir, 512 GB)","₹39,838",16 GB RAM | 512 GB ROM17.22 cm (6.78 inch) Display50MP Rear Camera6000 mAh Battery1 year manufacturer warranty for device and 1 year manufacturer warranty for in-box accessories including batteries from the date of purchase,4.5,39838.0,16.0,512,6000.0,6.78,Unknown,OnePlus
"OnePlus 15R 5G (Mint Breeze, 256 GB)","₹45,800",12 GB RAM | 256 GB ROM17.35 cm (6.83 inch) Display50MP Rear Camera7400 mAh Battery1 year manufacturer warranty for device and 6 months manufacturer warranty for in-box accessories including batteries from the date of purchase,4.6,45800.0,12.0,256,7400.0,6.83,Unknown,OnePlus
"Apple iPhone 14 (Starlight, 128 GB)","₹54,900","128 GB ROM15.49 cm (6.1 inch) Super Retina XDR Display12MP + 12MP | 12MP Front CameraA15 Bionic Chip, 6 Core Processor Processor1 year warranty for phone and 1 year warranty for in Box Accessories.",4.6,54900.0,,128,,6.1,Bionic Chip,Apple
"Xiaomi 14 CIVI (Shadow Black, 512 GB)","₹31,999",12 GB RAM | 512 GB ROM16.64 cm (6.55 inch) Display50MP Rear Camera | 32MP + 32MP Dual Front Camera4700 mAh Battery8s Gen 3 Mobile Platform Processor1 Year Manufacturer Warranty for Phone and 6 Months Warranty for In the Box Accessories,4.3,31999.0,12.0,512,4700.0,6.55,Snapdragon 8s Gen 3 Mobile Platform,Xiaomi
"OnePlus 15 5G (Infinite Black, 256 GB)","₹72,999",12 GB RAM | 256 GB ROM17.22 cm (6.78 inch) Display50MP Rear Camera7300 mAh Battery12 months manufacturer warranty,4.7,72999.0,12.0,256,7300.0,6.78,Unknown,OnePlus
"Apple iPhone 14 (Blue, 128 GB)","₹54,900","128 GB ROM15.49 cm (6.1 inch) Super Retina XDR Display12MP + 12MP | 12MP Front CameraA15 Bionic Chip, 6 Core Processor Processor1 year warranty for phone and 1 year warranty for in Box Accessories.",4.6,54900.0,,128,,6.1,Bionic Chip,Apple
"OnePlus Nord 5 5G (Phantom Grey, 512 GB)","₹37,875",12 GB RAM | 512 GB ROM17.35 cm (6.83 inch) Display50MP Rear Camera6800 mAh Battery1 Year Warranty,4.5,37875.0,12.0,512,6800.0,6.83,Unknown,OnePlus
"realme GT 7 Pro (Mars Orange, 512 GB)","₹49,437",16 GB RAM | 512 GB ROM17.22 cm (6.78 inch) Display50MP Rear Camera5800 mAh Battery1 Year,4.4,49437.0,16.0,512,5800.0,6.78,Unknown,realme
"OnePlus Nord 5 5G (Phantom Grey, 256 GB)","₹32,128",12 GB RAM | 256 GB ROM17.35 cm (6.83 inch) Display50MP Rear Camera6800 mAh Battery1 Year Warranty,4.5,32128.0,12.0,256,6800.0,6.83,Unknown,OnePlus
"OnePlus 15R 5G (Electric Violet, 256 GB)","₹45,800",12 GB RAM | 256 GB ROM17.35 cm (6.83 inch) Display50MP Rear Camera7400 mAh Battery1 year manufacturer warranty for device and 6 months manufacturer warranty for in-box accessories including batteries from the date of purchase,4.6,45800.0,12.0,256,7400.0,6.83,Unknown,OnePlus
"Samsung Galaxy S23 5G (Green, 256 GB)","₹45,999",8 GB RAM | 256 GB ROM15.49 cm (6.1 inch) Full HD+ Display50MP + 10MP + 12MP | 12MP Front Camera3900 mAh Lithium Ion BatteryQualcomm Snapdragon 8 Gen 2 Processor1 Year Manufacturer Warranty for Device and 6 Months Manufacturer Warranty for In-Box Accessories,4.6,45999.0,8.0,256,3900.0,6.1,Qualcomm Snapdragon 8 Gen 2,Samsung
"OnePlus Nord 5 5G (Dry Ice, 256 GB)","₹34,159",12 GB RAM | 256 GB ROM17.35 cm (6.83 inch) Display50MP Rear Camera6800 mAh Battery1 Year Warranty,4.5,34159.0,12.0,256,6800.0,6.83,Unknown,OnePlus
"OnePlus 11 5G (Eternal Green, 128 GB)","₹32,170",8 GB RAM | 128 GB ROM17.02 cm (6.7 inch) Display50MP Rear Camera | 16MP Front Camera5000 mAh Batterydomestic warranty of 12 months on phone & 6 months on accessories,4.4,32170.0,8.0,128,5000.0,6.7,Unknown,OnePlus
"OnePlus 12R (Iron Grey, 256 GB)",,16 GB RAM | 256 GB ROM17.22 cm (6.78 inch) Display50MP Rear Camera5500 mAh Battery1 Year Brand Warranty,4.5,,16.0,256,5500.0,6.78,Unknown,OnePlus
"Xiaomi 14 CIVI (Aqua Blue, 512 GB)","₹44,999",12 GB RAM | 512 GB ROM16.64 cm (6.55 inch) Display50MP Rear Camera | 32MP + 32MP Dual Front Camera4700 mAh Battery8s Gen 3 Mobile Platform Processor1 Year Manufacturer Warranty for Phone and 6 Months Warranty for In the Box Accessories,4.3,44999.0,12.0,512,4700.0,6.55,Snapdragon 8s Gen 3 Mobile Platform,Xiaomi
"OnePlus 12 (Silky Black, 256 GB)","₹50,399",12 GB RAM | 256 GB ROM17.32 cm (6.82 inch) Display64MP Rear Camera5400 mAh Battery1 Year Brand Warranty,4.6,50399.0,12.0,256,5400.0,6.82,Unknown,OnePlus
"OnePlus 15R 5G (Charcoal Black, 256 GB)","₹45,800",12 GB RAM | 256 GB ROM17.35 cm (6.83 inch) Display50MP Rear Camera7400 mAh Battery1 year manufacturer warranty for device and 6 months manufacturer warranty for in-box accessories including batteries from the date of purchase,4.6,45800.0,12.0,256,7400.0,6.83,Unknown,OnePlus
"REDMI Note 14 Pro+ 5G (Titan Black, 512 GB)","₹33,999",12 GB RAM | 512 GB ROM16.94 cm (6.67 inch) Display50MP + 50MP + 8MP | 20MP Front Camera6200 mAh Battery7s Gen 3 Processor1 Year Manufacturer Warranty for Phone and 6 Months Warranty for In the Box Accessories,4.4,33999.0,12.0,512,6200.0,6.67,Snapdragon 7s Gen 3,REDMI
"OnePlus Nord 5 5G (Dry Ice, 512 GB)","₹38,500",12 GB RAM | 512 GB ROM17.35 cm (6.83 inch) Display50MP Rear Camera6800 mAh Battery1 Year Warranty,4.5,38500.0,12.0,512,6800.0,6.83,Unknown,OnePlus
"OPPO Reno14 Pro 5G (Titanium Grey, 512 GB)","₹60,999",12 GB RAM | 512 GB ROM17.35 cm (6.83 inch) Full HD+ Display50MP + 50MP + 50MP | 50MP Front Camera6200 mAh BatteryDimensity 8450 Processor1 Year Manufacturer Warranty for Device and 6 Months Manufacturer Warranty for Inbox Accessories,4.5,60999.0,12.0,512,6200.0,6.83,Dimensity 8450,OPPO
"vivo V29 Pro 5G (Blue, 256 GB)","₹42,999",12 GB RAM | 256 GB ROM17.22 cm (6.78 inch) Full HD+ AMOLED Display50MP + 12MP + 8MP | 50MP Front Camera4600 mAh BatteryDimensity 8200 Processor1 Year Manufacturer Warranty for Phone and 6 Months Warranty for In the Box Accessories,4.5,42999.0,12.0,256,4600.0,6.78,Dimensity 8200,vivo
"Samsung Galaxy S23 5G (Cream, 128 GB)","₹47,999",8 GB RAM | 128 GB ROM15.49 cm (6.1 inch) Full HD+ Display50MP + 10MP + 12MP | 12MP Front Camera3900 mAh Lithium Ion BatteryQualcomm Snapdragon 8 Gen 2 Processor1 Year Manufacturer Warranty for Device and 6 Months Manufacturer Warranty for In-Box Accessories,4.6,47999.0,8.0,128,3900.0,6.1,Qualcomm Snapdragon 8 Gen 2,Samsung
"OnePlus 9 5G (Arctic Sky, 256 GB)","₹38,392",12 GB RAM | 256 GB ROM16.64 cm (6.55 inch) Display48MP Rear Camera4500 mAh Battery1 Year Manufacturer Warranty for Handset and 6 Months Warranty for In the Box Accessories,3.9,38392.0,12.0,256,4500.0,6.55,Unknown,OnePlus
"Apple iPhone 12 (White, 64 GB)","₹49,900","64 GB ROM15.49 cm (6.1 inch) Super Retina XDR Display12MP + 12MP | 12MP Front CameraA14 Bionic Chip with Next Generation Neural Engine ProcessorCeramic ShieldIndustry-leading IP68 Water ResistanceAll Screen OLED Display12MP TrueDepth Front Camera with Night Mode, 4K Dolby Vision HDR Recording1 year warranty for phone and 1 year warranty for in Box Accessories.",4.6,49900.0,,64,,6.1,Bionic Chip with Next Generation Neural Engine ProcessorCeramic ShieldIndustry-leading IP68 Water ResistanceAll Screen OLED Display12MP TrueDepth Front Camera with Night Mode,Apple
"OnePlus 9R 5G (Carbon Black, 256 GB)","₹40,998",12 GB RAM | 256 GB ROM16.64 cm (6.55 inch) Display48MP Rear Camera4500 mAh Battery12 months,3.8,40998.0,12.0,256,4500.0,6.55,Unknown,OnePlus
"vivo V40 5G (Titanium Grey, 512 GB)","₹41,999",12 GB RAM | 512 GB ROM17.22 cm (6.78 inch) Full HD+ Display50MP + 50MP | 50MP Front Camera5500 mAh BatterySnapdragon 7 Gen 3 Processor1 Year Warranty on Handset and 6 Months Warranty on Accessories,4.6,41999.0,12.0,512,5500.0,6.78,Snapdragon 7 Gen 3,vivo
"vivo V29 Pro 5G (Black, 256 GB)","₹42,999",12 GB RAM | 256 GB ROM17.22 cm (6.78 inch) Full HD+ AMOLED Display50MP + 12MP + 8MP | 50MP Front Camera4600 mAh BatteryDimensity 8200 Processor1 Year Manufacturer Warranty for Phone and 6 Months Warranty for In the Box Accessories,4.5,42999.0,12.0,256,4600.0,6.78,Dimensity 8200,vivo
"Samsung Galaxy S23 5G (Cream, 256 GB)","₹49,499",8 GB RAM | 256 GB ROM15.49 cm (6.1 inch) Full HD+ Display50MP + 10MP + 12MP | 12MP Front Camera3900 mAh Lithium Ion BatteryQualcomm Snapdragon 8 Gen 2 Processor1 Year Manufacturer Warranty for Device and 6 Months Manufacturer Warranty for In-Box Accessories,4.6,49499.0,8.0,256,3900.0,6.1,Qualcomm Snapdragon 8 Gen 2,Samsung
"vivo V40 5G (Ganges Blue, 512 GB)","₹41,999",12 GB RAM | 512 GB ROM17.22 cm (6.78 inch) Full HD+ Display50MP + 50MP | 50MP Front Camera5500 mAh BatterySnapdragon 7 Gen 3 Processor1 Year Warranty on Handset and 6 Months Warranty on Accessories,4.6,41999.0,12.0,512,5500.0,6.78,Snapdragon 7 Gen 3,vivo
"OnePlus 12R (Sunset Dune, 256 GB)","₹44,999",16 GB RAM | 256 GB ROM17.22 cm (6.78 inch) Display50MP Rear Camera5500 mAh Battery1 Year Brand Warranty,4.5,44999.0,16.0,256,5500.0,6.78,Unknown,OnePlus
"vivo V40 5G (Lotus Purple, 512 GB)","₹41,999",12 GB RAM | 512 GB ROM17.22 cm (6.78 inch) Full HD+ Display50MP + 50MP | 50MP Front Camera5500 mAh BatterySnapdragon 7 Gen 3 Processor1 Year Warranty on Handset and 6 Months Warranty on Accessories,4.6,41999.0,12.0,512,5500.0,6.78,Snapdragon 7 Gen 3,vivo
"vivo X90 (Breeze Blue, 256 GB)","₹59,999",8 GB RAM | 256 GB ROM17.22 cm (6.78 inch) Full HD+ Display50MP + 12MP + 12MP | 32MP Front Camera4810 mAh BatteryDimensity 9200 Processor1 Year Handset and 6 Months Accessories,4.4,59999.0,8.0,256,4810.0,6.78,Dimensity 9200,vivo
"OnePlus 10T 5G (Jade Green, 256 GB)","₹36,490",12 GB RAM | 256 GB ROM17.02 cm (6.7 inch) Display50MP Rear Camera4800 mAh Battery1 year manufacturer warranty for device and 6 months manufacturer warranty for in-box accessories including batteries from the date of purchase,4.2,36490.0,12.0,256,4800.0,6.7,Unknown,OnePlus
"OnePlus 9 5G (Arctic Sky, 256 GB)","₹41,999",12 GB RAM | 256 GB ROM16.64 cm (6.55 inch) Display48MP Rear Camera4500 mAh Battery12 months,3.9,41999.0,12.0,256,4500.0,6.55,Unknown,OnePlus
"OnePlus 10T 5G (Moonstone Black, 256 GB)","₹37,999",16 GB RAM | 256 GB ROM17.02 cm (6.7 inch) Display50MP Rear Camera4800 mAh Battery12 Months,4.0,37999.0,16.0,256,4800.0,6.7,Unknown,OnePlus
"OnePlus 10T 5G (Moonstone Black, 256 GB)","₹46,999",12 GB RAM | 256 GB ROM17.02 cm (6.7 inch) Display50MP Rear Camera4800 mAh Battery1 year on phone & 6 months on accessories,4.2,46999.0,12.0,256,4800.0,6.7,Unknown,OnePlus
"OnePlus 9 5G (Winter Mist, 128 GB)","₹32,999",8 GB RAM | 128 GB ROM16.64 cm (6.55 inch) Display48MP Rear Camera4500 mAh Battery1 Year,3.7,32999.0,8.0,128,4500.0,6.55,Unknown,OnePlus
"Google Pixel 7 Pro (Obsidian, 128 GB)","₹44,999",12 GB RAM | 128 GB ROM17.02 cm (6.7 inch) Quad HD+ Display50MP + 48MP + 12MP | 10.8MP Front Camera4926 mAh BatteryGoogle Tensor G2 Processor1 Year Domestic Warranty,4.3,44999.0,12.0,128,4926.0,6.7,Google Tensor G2,Google
"MOTOROLA razr 40 (Summer Lilac, 256 GB)","₹49,999",8 GB RAM | 256 GB ROM17.53 cm (6.9 inch) Display64MP Rear Camera4200 mAh BatteryBrand Warranty of 1 Year Available for Mobile and 6 Months for Accessories,3.9,49999.0,8.0,256,4200.0,6.9,Unknown,Motorola/Moto
"OnePlus 10R (Forest Green, 256 GB)","₹36,989",12 GB RAM | 256 GB ROM17.02 cm (6.7 inch) Display50MP Rear Camera | 16MP Front Camera5000 mAh Battery1 Year Manufacturer Warranty for Handset and 6 Months Warranty for In the Box Accessories,4.2,36989.0,12.0,256,5000.0,6.7,Unknown,OnePlus
"Google Pixel 7 Pro (Snow, 128 GB)","₹44,999",12 GB RAM | 128 GB ROM17.02 cm (6.7 inch) Quad HD+ Display50MP + 48MP + 12MP | 10.8MP Front Camera4926 mAh BatteryGoogle Tensor G2 Processor1 Year Domestic Warranty,4.3,44999.0,12.0,128,4926.0,6.7,Google Tensor G2,Google
"OnePlus Oneplus12r (irongray, 256 GB)","₹39,999",8 GB RAM | 256 GB ROM17.22 cm (6.78 inch) Display50MP Rear Camera5500 mAh Battery1 year,,39999.0,8.0,256,5500.0,6.78,Unknown,OnePlus
"Apple iPhone 12 (Black, 128 GB)","₹54,900","128 GB ROM15.49 cm (6.1 inch) Super Retina XDR Display12MP + 12MP | 12MP Front CameraA14 Bionic Chip with Next Generation Neural Engine ProcessorCeramic ShieldIndustry-leading IP68 Water ResistanceAll Screen OLED Display12MP TrueDepth Front Camera with Night Mode, 4K Dolby Vision HDR Recording1 year warranty for phone and 1 year warranty for in Box Accessories.",4.6,54900.0,,128,,6.1,Bionic Chip with Next Generation Neural Engine ProcessorCeramic ShieldIndustry-leading IP68 Water ResistanceAll Screen OLED Display12MP TrueDepth Front Camera with Night Mode,Apple
"OnePlus 10R 5G (Forest Green, 256 GB)","₹42,999",12 GB RAM | 256 GB ROM17.02 cm (6.7 inch) Display50MP Rear Camera5000 mAh Battery12 months,4.3,42999.0,12.0,256,5000.0,6.7,Unknown,OnePlus
"realme P4R 5G (Silver Glare, 128 GB)","₹18,999",4 GB RAM | 128 GB ROM17.27 cm (6.8 inch) HD+ Display50MP Rear Camera | 8MP Front Camera8000 mAh BLPE45 lithium-ion polymer BatteryDimensity 6300 Processor1 Year Manufacturer Warranty for Device and 6 Months Manufacturer Warranty for Inbox Accessories,,18999.0,4.0,128,8000.0,6.8,Dimensity 6300,realme
"vivo T5x 5G (Star Silver, 128 GB)","₹22,999",6 GB RAM | 128 GB ROM17.17 cm (6.76 inch) Display50MP + 2MP | 32MP Front Camera7200 mAh Li-ion BatteryDimensity 7400-Turbo Processor1 Year Manufacturer Warranty for Device and 6 Months Manufacturer Warranty for Inbox Accessories,4.4,22999.0,6.0,128,7200.0,6.76,Dimensity 7400-Turbo,vivo
"OnePlus Nord CE6 (Pitch Black, 256 GB)","₹36,152",8 GB RAM | 256 GB ROM | Expandable Upto 256 GB17.22 cm (6.78 inch) Full HD+ Display50MP Rear Camera | 2MP Front Camera8000 mAh BatteryQualcomm® Snapdragon™ 7s Gen 4 Processorone year of handset six month of accessories,4.4,36152.0,8.0,256,8000.0,6.78,Qualcomm® Snapdragon™ 7s Gen 4,OnePlus
"OnePlus Nord CE6 (Lunar Pearl, 256 GB)","₹36,114",8 GB RAM | 256 GB ROM | Expandable Upto 256 GB17.22 cm (6.78 inch) Full HD+ Display50MP Rear Camera | 2MP Front Camera8000 mAh BatteryQualcomm® Snapdragon™ 7s Gen 4 Processorone year of handset six month of accessories,4.4,36114.0,8.0,256,8000.0,6.78,Qualcomm® Snapdragon™ 7s Gen 4,OnePlus
"OnePlus Nord CE6 (Lunar Pearl, 128 GB)","₹32,704",8 GB RAM | 128 GB ROM | Expandable Upto 128 GB17.22 cm (6.78 inch) Full HD+ Display50MP Rear Camera | 2MP Front Camera8000 mAh BatteryQualcomm® Snapdragon™ 7s Gen 4 Processorone year of handset six month of accessories,4.4,32704.0,8.0,128,8000.0,6.78,Qualcomm® Snapdragon™ 7s Gen 4,OnePlus
"vivo T5 Pro 5G (Glacier Blue, 256 GB)","₹36,999",8 GB RAM | 256 GB ROM17.35 cm (6.83 inch) Full HD+ AMOLED Display50MP + 2MP | 32MP Front Camera9020 mAh BatterySnapdragon 7s Gen 4 Processor1 Year Warranty,4.5,36999.0,8.0,256,9020.0,6.83,Snapdragon 7s Gen 4,vivo
"Samsung Galaxy A36 5G (Awesome Black, 256 GB)","₹30,499",8 GB RAM | 256 GB ROM17.02 cm (6.7 inch) Full HD+ Display50MP + 8MP | 12MP Front Camera5000 mAh BatteryQualcomm Snapdragon 6 Gen 3 Processor1 Year Manufacturer Warranty for Device and 6 Months for In-Box Accessories,4.3,30499.0,8.0,256,5000.0,6.7,Qualcomm Snapdragon 6 Gen 3,Samsung
"POCO F7 5G (Phantom Black, 256 GB)","₹35,999","12 GB RAM | 256 GB ROM17.35 cm (6.83 inch) Display50MP Rear Camera | 20MP Front Camera7550 mAh Li-Polymer + Silicon Carbon Battery8s Gen 4 ProcessorRear Camera -50MP Main Camera -8MP Ultra-wide Camera with night mode and ultra-wide video recordingFront camera -20MP with Portrait Mode | | Front Video Recording | Night ModeDisplay -6.83 inch 1.5K pOLED with 120 Hz refresh rateBattery 7550mAh, 90W charger, 22.5W reverse charging1 Year Manufacturer Warranty for Phone and 6 Months Warranty for In the Box Accessories",4.4,35999.0,12.0,256,7550.0,6.83,Snapdragon 8s Gen 4,POCO
"MOTOROLA edge 70 pro (Tailored Fabric - PANTONE Titan (Blue), 256 GB)","₹39,999",8 GB RAM | 256 GB ROM17.27 cm (6.8 inch) Full HD+ Super AMOLED Display50MP + 50MP | 50MP Front Camera6500 mAh Silicon-Carbon BatteryDimensity 8500 Extreme Processor1 Year on Handset and 6 Months on Accessories,4.5,39999.0,8.0,256,6500.0,6.8,Dimensity 8500 Extreme,Motorola/Moto
"Samsung Galaxy A36 5G (Awesome Lavender, 256 GB)","₹30,890",8 GB RAM | 256 GB ROM17.02 cm (6.7 inch) Full HD+ Display50MP + 8MP | 12MP Front Camera5000 mAh BatteryQualcomm Snapdragon 6 Gen 3 Processor1 Year Manufacturer Warranty for Device and 6 Months for In-Box Accessories,4.3,30890.0,8.0,256,5000.0,6.7,Qualcomm Snapdragon 6 Gen 3,Samsung
"MOTOROLA Edge 60 Pro (Pantone Shadow, 512 GB)","₹37,999",16 GB RAM | 512 GB ROM17.02 cm (6.7 inch) Display50MP + 50MP + 10MP | 50MP Front Camera6000 mAh BatteryDimensity 8350 Processor1 Year Warranty on Handset and 6 Months Warranty on Accessories,4.4,37999.0,16.0,512,6000.0,6.7,Dimensity 8350,Motorola/Moto
"POCO X8 Pro (White, 256 GB)","₹37,999",12 GB RAM | 256 GB ROM16.74 cm (6.59 inch) Full HD+ AMOLED Display50MP + 8MP | 20MP Front Camera6500 mAh Lithium-Ion Polymer With Silicon Carbon Technology BatteryDimensity 8500-Ultra Processor1 Year Manufacturer Warranty for Phone and 6 Months Warranty for In the Box Accessories,4.4,37999.0,12.0,256,6500.0,6.59,Dimensity 8500-Ultra,POCO
"OPPO Reno14 5G (Forest Green, 256 GB)","₹36,999",8 GB RAM | 256 GB ROM16.74 cm (6.59 inch) Display50MP + 8MP + 50MP | 50MP Front Camera6000 mAh BatteryDimensity 8350 Processor1 Year Manufacturer Warranty for Device and 6 Months Manufacturer Warranty for Inbox Accessories,4.5,36999.0,8.0,256,6000.0,6.59,Dimensity 8350,OPPO
"realme Gt 7 (Icesense Blue, 256 GB)","₹38,999",12 GB RAM | 256 GB ROM17.22 cm (6.78 inch) Full HD+ AMOLED Display50MP + 50MP + 50MP + 8MP | 32MP + 32MP Dual Front Camera7000 mAh BatteryDimensity Processor1 Year manufacturer Warranty for handset & 6 months for accessories,4.4,38999.0,12.0,256,7000.0,6.78,Dimensity,realme
"realme Gt 7 (Icesense Black, 256 GB)","₹38,999","12 GB RAM | 256 GB ROM17.22 cm (6.78 inch) Full HD+ AMOLED Display50MP + 50MP + 50MP + 8MP | 32MP + 32MP Dual Front Camera7000 mAh BatteryDimensity ProcessorPhone, Power Adapter, SIM Tray Ejector, Phone Case, USB Cable",4.4,38999.0,12.0,256,7000.0,6.78,Dimensity,realme
"realme GT 7T (IceSense Black, 512 GB)","₹35,999",12 GB RAM | 512 GB ROM17.27 cm (6.8 inch) Full HD+ AMOLED Display50MP + 8MP | 32MP Front Camera7000 mAh Li-ion BatteryDimensity 8400-MAX Processorstandard 1-year warranty for the device  and a 6-month warranty for accessories,4.4,35999.0,12.0,512,7000.0,6.8,Dimensity 8400-MAX,realme
"Nothing Phone (4a) (Black, 256 GB)","₹37,999",8 GB RAM | 256 GB ROM17.22 cm (6.78 inch) Full HD+ AMOLED Display50MP + 50MP + 8MP | 32MP Front Camera5400 mAh Lithium ion BatterySnapdragon 7s Gen 4 Processor1 Year Manufacturing Warranty,4.4,37999.0,8.0,256,5400.0,6.78,Snapdragon 7s Gen 4,Nothing
"Nothing Phone (4a) (Blue, 128 GB)","₹37,999",8 GB RAM | 128 GB ROM17.22 cm (6.78 inch) Full HD+ AMOLED Display50MP + 50MP + 8MP | 32MP Front Camera5400 mAh Lithium ion BatterySnapdragon 7s Gen 4 Processor1 Year Manufacturing Warranty,4.4,37999.0,8.0,128,5400.0,6.78,Snapdragon 7s Gen 4,Nothing
"MOTOROLA Edge 70 Fusion (Pantone BLUE SURF, 256 GB)","₹33,999",12 GB RAM | 256 GB ROM17.27 cm (6.8 inch) Super HD Display50MP + 13MP | 32MP Front Camera7000 mAh BatterySnapdragon 7s Gen 4 Processor1 Year on Handset and 6 Months on Accessories,4.4,33999.0,12.0,256,7000.0,6.8,Snapdragon 7s Gen 4,Motorola/Moto
"Nothing Phone (4a) (White, 128 GB)","₹37,999",8 GB RAM | 128 GB ROM17.22 cm (6.78 inch) Full HD+ AMOLED Display50MP + 50MP + 8MP | 32MP Front Camera5400 mAh Lithium ion BatterySnapdragon 7s Gen 4 Processor1 Year Manufacturing Warranty,4.4,37999.0,8.0,128,5400.0,6.78,Snapdragon 7s Gen 4,Nothing
"Nothing Phone (4a) (White, 256 GB)","₹37,999",8 GB RAM | 256 GB ROM17.22 cm (6.78 inch) Full HD+ AMOLED Display50MP + 50MP + 8MP | 32MP Front Camera5400 mAh Lithium ion BatterySnapdragon 7s Gen 4 Processor1 Year Manufacturing Warranty,4.4,37999.0,8.0,256,5400.0,6.78,Snapdragon 7s Gen 4,Nothing
"Samsung Galaxy A36 5G (Awesome White, 128 GB)","₹28,999",8 GB RAM | 128 GB ROM17.02 cm (6.7 inch) Full HD+ Display50MP + 8MP | 12MP Front Camera5000 mAh BatteryQualcomm Snapdragon 6 Gen 3 Processor1 Year Manufacturer Warranty for Device and 6 Months for In-Box Accessories,4.3,28999.0,8.0,128,5000.0,6.7,Qualcomm Snapdragon 6 Gen 3,Samsung
"realme GT 7T (IceSense Blue, 512 GB)","₹35,999",12 GB RAM | 512 GB ROM17.27 cm (6.8 inch) Full HD+ AMOLED Display50MP + 8MP | 32MP Front Camera7000 mAh Li-ion BatteryDimensity 8400-MAX Processorstandard 1-year warranty for the device  and a 6-month warranty for accessories,4.4,35999.0,12.0,512,7000.0,6.8,Dimensity 8400-MAX,realme
"IQOO Neo 10 (Asphalt Black, 256 GB)","₹39,210",8 GB RAM | 256 GB ROM17.22 cm (6.78 inch) Full HD+ E3 Super AMOLED Display50MP + 50MP + 8MP | 32MP + 32MP Dual Front Camera7000 mAh BatteryQualcomm ProcessorDomestic warranty 1 year for handset and 6 months for accessories,4.5,39210.0,8.0,256,7000.0,6.78,Qualcomm,IQOO
"MOTOROLA Edge 60 Pro (Pantone Sparkling Grape, 512 GB)","₹37,999",16 GB RAM | 512 GB ROM17.02 cm (6.7 inch) Display50MP + 50MP + 10MP | 50MP Front Camera6000 mAh BatteryDimensity 8350 Processor1 Year Warranty on Handset and 6 Months Warranty on Accessories,4.4,37999.0,16.0,512,6000.0,6.7,Dimensity 8350,Motorola/Moto
"Nothing Phone (4a) (Black, 128 GB)","₹37,999",8 GB RAM | 128 GB ROM17.22 cm (6.78 inch) Full HD+ AMOLED Display50MP + 50MP + 8MP | 32MP Front Camera5400 mAh Lithium ion BatterySnapdragon 7s Gen 4 Processor1 Year Manufacturing Warranty,4.4,37999.0,8.0,128,5400.0,6.78,Snapdragon 7s Gen 4,Nothing
"realme 16 5G (Air Black, 256 GB)","₹36,999",8 GB RAM | 256 GB ROM16.69 cm (6.57 inch) Full HD+ AMOLED Display50MP + 2MP | 50MP Front Camera7000 mAh BatteryDimensity 6400 Turbo Processor1 Year Manufacturer Warranty for Device and 6 Months Manufacturer Warranty for Inbox Accessories,4.1,36999.0,8.0,256,7000.0,6.57,Dimensity 6400 Turbo,realme
"realme 16 5G (Air White, 256 GB)","₹39,999",12 GB RAM | 256 GB ROM16.69 cm (6.57 inch) Full HD+ AMOLED Display50MP + 2MP | 50MP Front Camera7000 mAh BatteryDimensity 6400 Turbo Processor1 Year Manufacturer Warranty for Device and 6 Months Manufacturer Warranty for Inbox Accessories,4.3,39999.0,12.0,256,7000.0,6.57,Dimensity 6400 Turbo,realme
"vivo V70 FE (Monsoon Blue, 128 GB)","₹37,999",8 GB RAM | 128 GB ROM17.35 cm (6.83 inch) Full HD+ AMOLED Display200MP + 8MP | 50MP Front Camera7000 mAh Li-ion BatteryDimensity 7360-Turbo Processor1 Year Manufacturer Warranty for Device and 6 Months Manufacturer Warranty for Inbox Accessories,4.4,37999.0,8.0,128,7000.0,6.83,Dimensity 7360-Turbo,vivo
"vivo V70 FE (Northern Lights Purple, 128 GB)","₹37,999",8 GB RAM | 128 GB ROM17.35 cm (6.83 inch) Full HD+ AMOLED Display200MP + 8MP | 50MP Front Camera7000 mAh Li-ion BatteryDimensity 7360-Turbo Processor1 Year Manufacturer Warranty for Device and 6 Months Manufacturer Warranty for Inbox Accessories,4.4,37999.0,8.0,128,7000.0,6.83,Dimensity 7360-Turbo,vivo
"REDMI Note 15 Pro + 5G (Mirage Blue, 256 GB)","₹37,119",8 GB RAM | 256 GB ROM17.35 cm (6.83 inch) Display200MP Rear Camera6500 mAh Battery12 Months Brand Warranty,4.2,37119.0,8.0,256,6500.0,6.83,Unknown,REDMI
"REDMI Note 15 Pro + 5G (Carbon Black, 256 GB)","₹38,491",12 GB RAM | 256 GB ROM17.35 cm (6.83 inch) Display200MP Rear Camera6500 mAh Battery12 Months Brand Warranty,4.3,38491.0,12.0,256,6500.0,6.83,Unknown,REDMI
"OnePlus Nord 5 (Phantom Grey, 256 GB)","₹39,999",8 GB RAM | 256 GB ROM17.35 cm (6.83 inch) Full HD+ AMOLED Display50MP + 50MP + 8MP | 50MP Front Camera6800 mAh BatteryQualcomm® Snapdragon™ 8s Gen 3 Mobile Platform Processor1 Year manufacturer,4.5,39999.0,8.0,256,6800.0,6.83,Qualcomm® Snapdragon™ 8s Gen 3 Mobile Platform,OnePlus
"realme 16 5G (Air Black, 256 GB)","₹39,999",12 GB RAM | 256 GB ROM16.69 cm (6.57 inch) Full HD+ AMOLED Display50MP + 2MP | 50MP Front Camera7000 mAh BatteryDimensity 6400 Turbo Processor1 Year Manufacturer Warranty for Device and 6 Months Manufacturer Warranty for Inbox Accessories,4.3,39999.0,12.0,256,7000.0,6.57,Dimensity 6400 Turbo,realme
"OPPO F33 5G (Pearl White, 128 GB)","₹34,999",8 GB RAM | 128 GB ROM16.69 cm (6.57 inch) Full HD+ AMOLED Display50MP + 2MP | 16MP Front Camera7000 mAh lithium-ion polymer BatteryDimensity 6360 MAX Processor1 Year Manufacturer Warranty for Device and 6 Months Manufacturer Warranty for Inbox Accessories,4.5,34999.0,8.0,128,7000.0,6.57,Dimensity 6360 MAX,OPPO
"realme 16 5G (Air White, 256 GB)","₹36,999",8 GB RAM | 256 GB ROM16.69 cm (6.57 inch) Full HD+ AMOLED Display50MP + 2MP | 50MP Front Camera7000 mAh BatteryDimensity 6400 Turbo Processor1 Year Manufacturer Warranty for Device and 6 Months Manufacturer Warranty for Inbox Accessories,4.1,36999.0,8.0,256,7000.0,6.57,Dimensity 6400 Turbo,realme
"POCO F7 5G (Frost White, 256 GB)","₹35,999","12 GB RAM | 256 GB ROM17.35 cm (6.83 inch) Display50MP Rear Camera | 20MP Front Camera7550 mAh Li-Polymer + Silicon Carbon Battery8s Gen 4 ProcessorRear Camera -50MP Main Camera -8MP Ultra-wide Camera with night mode and ultra-wide video recordingFront camera -20MP with Portrait Mode | | Front Video Recording | Night ModeDisplay -6.83 inch 1.5K pOLED with 120 Hz refresh rateBattery 7550mAh, 90W charger, 22.5W reverse charging1 Year Manufacturer Warranty for Phone and 6 Months Warranty for In the Box Accessories",4.4,35999.0,12.0,256,7550.0,6.83,Snapdragon 8s Gen 4,POCO
"MOTOROLA edge 70 pro (Satin-Luxe PANTONE Tea (Green), 256 GB)","₹39,999",8 GB RAM | 256 GB ROM17.27 cm (6.8 inch) Full HD+ Super AMOLED Display50MP + 50MP | 50MP Front Camera6500 mAh Silicon-Carbon BatteryDimensity 8500 Extreme Processor1 Year on Handset and 6 Months on Accessories,4.5,39999.0,8.0,256,6500.0,6.8,Dimensity 8500 Extreme,Motorola/Moto
"OPPO F33 5G (Pearl White, 256 GB)","₹36,446",8 GB RAM | 256 GB ROM16.69 cm (6.57 inch) Full HD+ AMOLED Display50MP + 2MP | 16MP Front Camera7000 mAh lithium-ion polymer BatteryDimensity 6360 MAX Processor1 Year Manufacturer Warranty for Device and 6 Months Manufacturer Warranty for Inbox Accessories,4.5,36446.0,8.0,256,7000.0,6.57,Dimensity 6360 MAX,OPPO
"POCO X8 Pro (Iron man edition, 256 GB)","₹39,999",12 GB RAM | 256 GB ROM16.74 cm (6.59 inch) Full HD+ AMOLED Display50MP + 8MP | 20MP Front Camera6500 mAh Lithium-Ion Polymer With Silicon Carbon Technology BatteryDimensity 8500-Ultra Processor1 Year Manufacturer Warranty for Phone and 6 Months Warranty for In the Box Accessories,4.4,39999.0,12.0,256,6500.0,6.59,Dimensity 8500-Ultra,POCO
"OPPO F33 5G (Forest Green, 128 GB)","₹33,329",8 GB RAM | 128 GB ROM16.69 cm (6.57 inch) Full HD+ AMOLED Display50MP + 2MP | 16MP Front Camera7000 mAh lithium-ion polymer BatteryDimensity 6360 MAX Processor1 Year Manufacturer Warranty for Device and 6 Months Manufacturer Warranty for Inbox Accessories,4.5,33329.0,8.0,128,7000.0,6.57,Dimensity 6360 MAX,OPPO
"OPPO F33 5G (Forest Green, 256 GB)","₹36,756",8 GB RAM | 256 GB ROM16.69 cm (6.57 inch) Full HD+ AMOLED Display50MP + 2MP | 16MP Front Camera7000 mAh lithium-ion polymer BatteryDimensity 6360 MAX Processor1 Year Manufacturer Warranty for Device and 6 Months Manufacturer Warranty for Inbox Accessories,4.5,36756.0,8.0,256,7000.0,6.57,Dimensity 6360 MAX,OPPO
"REDMI Note 15 Pro + 5G (Carbon Black, 256 GB)","₹39,990",8 GB RAM | 256 GB ROM17.35 cm (6.83 inch) Display200MP Rear Camera6500 mAh Battery12 Months Brand Warranty,4.2,39990.0,8.0,256,6500.0,6.83,Unknown,REDMI
"POCO X8 Pro (Black, 256 GB)","₹37,999",12 GB RAM | 256 GB ROM16.74 cm (6.59 inch) Full HD+ AMOLED Display50MP + 8MP | 20MP Front Camera6500 mAh Lithium-Ion Polymer With Silicon Carbon Technology BatteryDimensity 8500-Ultra Processor1 Year Manufacturer Warranty for Phone and 6 Months Warranty for In the Box Accessories,4.4,37999.0,12.0,256,6500.0,6.59,Dimensity 8500-Ultra,POCO
"POCO F7 5G (Phantom Black, 512 GB)","₹37,999","12 GB RAM | 512 GB ROM17.35 cm (6.83 inch) Display50MP Rear Camera | 20MP Front Camera7550 mAh Li-Polymer + Silicon Carbon Battery8s Gen 4 ProcessorRear Camera -50MP Main Camera -8MP Ultra-wide Camera with night mode and ultra-wide video recordingFront camera -20MP with Portrait Mode | | Front Video Recording | Night ModeDisplay -6.83 inch 1.5K pOLED with 120 Hz refresh rateBattery 7550mAh, 90W charger, 22.5W reverse charging1 Year Manufacturer Warranty for Phone and 6 Months Warranty for In the Box Accessories",4.4,37999.0,12.0,512,7550.0,6.83,Snapdragon 8s Gen 4,POCO
"OPPO F29 Pro 5G (Granite Black, 256 GB)","₹35,990",12 GB RAM | 256 GB ROM17.02 cm (6.7 inch) Full HD+ Display50MP + 2MP | 16MP Front Camera6000 mAh BatteryDimensity 7300 Processor1 Year Warranty on Handset and 6 Months Warranty on Accessories,4.4,35990.0,12.0,256,6000.0,6.7,Dimensity 7300,OPPO
"Samsung M56 5G (Light Green, 128 GB)","₹27,190",8 GB RAM | 128 GB ROM17.02 cm (6.7 inch) Display50MP Rear Camera5000 mAh Battery1 Year Warranty on Handset and 6 Months Warranty on Accessories,4.3,27190.0,8.0,128,5000.0,6.7,Unknown,Samsung
"realme 16 Pro 5G (Pebble Grey, 256 GB)","₹39,999",8 GB RAM | 256 GB ROM17.22 cm (6.78 inch) Full HD+ Display200MP + 8MP | 50MP Front Camera7000 mAh BatteryDimensity 7300 Max Processor1 Year Manufacturer Warranty for Phone and 6 Months Warranty for In-Box Accessories,4.4,39999.0,8.0,256,7000.0,6.78,Dimensity 7300 Max,realme
"OPPO F33 Pro 5G (Starry Blue, 128 GB)","₹36,180",8 GB RAM | 128 GB ROM16.69 cm (6.57 inch) Full HD+ AMOLED Display50MP + 2MP | 50MP Front Camera7000 mAh lithium-ion polymer BatteryDimensity 6360 MAX Processor1 Year Manufacturer Warranty for Device and 6 Months Manufacturer Warranty for Inbox Accessories,4.3,36180.0,8.0,128,7000.0,6.57,Dimensity 6360 MAX,OPPO
"OPPO F33 Pro 5G (Misty Forest, 128 GB)","₹37,999",8 GB RAM | 128 GB ROM16.69 cm (6.57 inch) Full HD+ AMOLED Display50MP + 2MP | 50MP Front Camera7000 mAh lithium-ion polymer BatteryDimensity 6360 MAX Processor1 Year Manufacturer Warranty for Device and 6 Months Manufacturer Warranty for Inbox Accessories,4.3,37999.0,8.0,128,7000.0,6.57,Dimensity 6360 MAX,OPPO
"REDMI Note-14 Pro+ 5G (Spectre Blue, 512 GB)","₹38,990",12 GB RAM | 512 GB ROM16.94 cm (6.67 inch) Display50MP + 50MP + 8MP | 20MP Front Camera6200 mAh Battery7s Gen 3 Processor1 Year Manufacturer Warranty for Phone and 6 Months Warranty for In the Box Accessories,4.4,38990.0,12.0,512,6200.0,6.67,Snapdragon 7s Gen 3,REDMI
"realme Narzo Power (Titan Blue, 256 GB)","₹29,853",8 GB RAM | 256 GB ROM17.27 cm (6.8 inch) Display50MP Rear Camera10001 mAh Battery12 months,3.8,29853.0,8.0,256,10001.0,6.8,Unknown,realme
"POCO X8 Pro (Green, 256 GB)","₹37,999",12 GB RAM | 256 GB ROM16.74 cm (6.59 inch) Full HD+ AMOLED Display50MP + 8MP | 20MP Front Camera6500 mAh Lithium-Ion Polymer With Silicon Carbon Technology BatteryDimensity 8500-Ultra Processor1 Year Manufacturer Warranty for Phone and 6 Months Warranty for In the Box Accessories,4.4,37999.0,12.0,256,6500.0,6.59,Dimensity 8500-Ultra,POCO
"realme 16 Pro 5G (Master Gold, 128 GB)","₹36,999",8 GB RAM | 128 GB ROM17.22 cm (6.78 inch) Full HD+ Display200MP + 8MP | 50MP Front Camera7000 mAh BatteryDimensity 7300 Max Processor1 Year Manufacturer Warranty for Phone and 6 Months Warranty for In-Box Accessories,4.4,36999.0,8.0,128,7000.0,6.78,Dimensity 7300 Max,realme
"realme 16 Pro 5G (Master Gold, 256 GB)","₹39,999",8 GB RAM | 256 GB ROM17.22 cm (6.78 inch) Full HD+ Display200MP + 8MP | 50MP Front Camera7000 mAh BatteryDimensity 7300 Max Processor1 Year Manufacturer Warranty for Phone and 6 Months Warranty for In-Box Accessories,4.4,39999.0,8.0,256,7000.0,6.78,Dimensity 7300 Max,realme
"OPPO Reno 12 Pro 5G (Manish Malhotra Limited Edition, 256 GB)","₹39,999",12 GB RAM | 256 GB ROM | Expandable Upto 1 TB17.02 cm (6.7 inch) Full HD+ Display50MP + 8MP + 50MP | 50MP Front Camera5000 mAh BatteryDimensity 7300 Energy Processor1 Year Manufacturer Warranty for Device and 6 Months Manufacturer Warranty for Inbox Accessories,4.4,39999.0,12.0,256,5000.0,6.7,Dimensity 7300 Energy,OPPO
"vivo T4 Ultra 5G (Phoenix Gold, 256 GB)","₹37,999",12 GB RAM | 256 GB ROM16.94 cm (6.67 inch) Full HD+ AMOLED Display50MP + 8MP + 50MP Periscope | 32MP Front Camera5500 mAh BatteryDimensity 9300+ Processor1 Year Warranty on the Product and 6 Months Warranty on Inbox Accessories,4.5,37999.0,12.0,256,5500.0,6.67,Dimensity 9300+,vivo
"vivo T4 Ultra 5G (Phoenix Gold, 256 GB)","₹35,999",8 GB RAM | 256 GB ROM16.94 cm (6.67 inch) Full HD+ AMOLED Display50MP + 8MP + 50MP Periscope | 32MP Front Camera5500 mAh BatteryDimensity 9300+ Processor1 Year Warranty on the Product and 6 Months Warranty on Inbox Accessories,4.5,35999.0,8.0,256,5500.0,6.67,Dimensity 9300+,vivo
"vivo T4 Ultra 5G (Meteor Grey, 256 GB)","₹37,999",12 GB RAM | 256 GB ROM16.94 cm (6.67 inch) Full HD+ AMOLED Display50MP + 8MP + 50MP Periscope | 32MP Front Camera5500 mAh BatteryDimensity 9300+ Processor1 Year Warranty on the Product and 6 Months Warranty on Inbox Accessories,4.5,37999.0,12.0,256,5500.0,6.67,Dimensity 9300+,vivo
"OPPO Reno11 5G (Rock Grey, 128 GB)","₹34,999",8 GB RAM | 128 GB ROM | Expandable Upto 2 TB17.02 cm (6.7 inch) Full HD+ Display50MP + 8MP + 32MP | 32MP Front Camera5000 mAh BatteryMediatek Dimensity 7050 Processor1 Year Manufacturer Warranty for Device and 6 Months Manufacturer Warranty for Inbox Accessories,4.3,34999.0,8.0,128,5000.0,6.7,Mediatek Dimensity 7050,OPPO
"REDMI Note 14 Pro+ 5G (Champagne Gold, 512 GB)","₹39,899",12 GB RAM | 512 GB ROM16.94 cm (6.67 inch) Display50MP + 50MP + 8MP | 20MP Front Camera6200 mAh Battery7s Gen 3 Processor1 Year Manufacturer Warranty for Phone and 6 Months Warranty for In the Box Accessories,4.4,39899.0,12.0,512,6200.0,6.67,Snapdragon 7s Gen 3,REDMI
"IQOO 9T 5G (ALPHA, 256 GB)","₹38,999",12 GB RAM | 256 GB ROM17.22 cm (6.78 inch) Display50MP Rear Camera4700 mAh Battery1 Year,4.0,38999.0,12.0,256,4700.0,6.78,Unknown,IQOO
"Samsung Galaxy A53 (Awesome Blue, 128 GB)","₹38,990",6 GB RAM | 128 GB ROM | Expandable Upto 1 TB16.51 cm (6.5 inch) Full HD+ Display64MP + 12MP + 5MP + 5MP | 32MP Front Camera5000 mAh Lithium Ion BatteryExynos Octa Core Processor Processor1 Year Manufacturer Warranty for Device and 6 Months Manufacturer Warranty for In-Box,4.1,38990.0,6.0,128,5000.0,6.5,Exynos Octa Core,Samsung
"realme Gt 7T (Racing Yellow, 256 GB)","₹37,999",12 GB RAM | 256 GB ROM17.27 cm (6.8 inch) Full HD+ AMOLED Display50MP + 50MP + 8MP | 32MP + 32MP Dual Front Camera7000 mAh BatteryDimensity Processorstandard 1-year warranty for the device itself and a 6-month warranty for accessories,4.4,37999.0,12.0,256,7000.0,6.8,Dimensity,realme
"Samsung SM-A366E/DS (Awesome Lime, 128 GB)","₹27,970",8 GB RAM | 128 GB ROM17.02 cm (6.7 inch) Full HD+ Display50MP + 8MP | 12MP Front Camera5000 mAh BatteryQualcomm Snapdragon 6 Gen 3 Processor1 Year Manufacturer Warranty for Device and 6 Months for In-Box Accessories,,27970.0,8.0,128,5000.0,6.7,Qualcomm Snapdragon 6 Gen 3,Samsung
"Samsung Galaxy S24 FE 5G (Mint, 128 GB)","₹39,999",8 GB RAM | 128 GB ROM17.02 cm (6.7 inch) Full HD+ Display50MP + 12MP + 8MP | 10MP Front Camera4700 mAh BatteryExynos 2400e Processor1 Year Manufacturer Warranty for Device and 6 Months for In-Box Accessories,4.5,39999.0,8.0,128,4700.0,6.7,Exynos 2400e,Samsung
"Samsung Galaxy A34 5G (Awesome Lime, 128 GB)","₹35,499","8 GB RAM | 128 GB ROM | Expandable Upto 1 TB16.76 cm (6.6 inch) Full HD+ Display48MP + 8MP + 5MP | 13MP Front Camera5000 mAh Li-ion Battery BatteryDimensity 1080, Octa Core Processor1 year manufacturer warranty for device and 6 months manufacturer warranty for in-box accessories",4.3,35499.0,8.0,128,5000.0,6.6,"BatteryDimensity 1080, Octa Core",Samsung
"Mi 10T (Cosmic Black, 128 GB)","₹24,499",6 GB RAM | 128 GB ROM16.94 cm (6.67 inch) Full HD+ Display64MP + 13MP + 5MP | 20MP Front Camera5000 mAh Li-ion Polymer BatteryQualcomm Snapdragon 865 Processor144Hz Intelligent AdaptiveSync Display33W Dual Split Flash Charge1 Year Manufacturer Warranty for Device and 6 Months Manufacturer Warranty for In-box Accessories,4.2,24499.0,6.0,128,5000.0,6.67,Qualcomm Snapdragon 865,Mi
"OPPO Reno13 5G (Ivory White, 256 GB)","₹37,999",8 GB RAM | 256 GB ROM16.74 cm (6.59 inch) Display50MP + 8MP + 2MP | 50MP Front Camera5600 mAh BatteryDimensity 8350 Processor1 Year Warranty on Handset and 6 Months Warranty on Accessories,4.4,37999.0,8.0,256,5600.0,6.59,Dimensity 8350,OPPO
"Samsung Galaxy A34 5G (Awesome Graphite, 256 GB)","₹39,499","8 GB RAM | 256 GB ROM | Expandable Upto 1 TB16.76 cm (6.6 inch) Full HD+ Display48MP + 8MP + 5MP | 13MP Front Camera5000 mAh Li-ion Battery BatteryDimensity 1080, Octa Core Processor1 year manufacturer warranty for device and 6 months manufacturer warranty for in-box accessories",4.3,39499.0,8.0,256,5000.0,6.6,"BatteryDimensity 1080, Octa Core",Samsung
"OPPO Reno8 5G (Shimmer Black, 128 GB)","₹26,999",8 GB RAM | 128 GB ROM16.33 cm (6.43 inch) Full HD Display50MP + 8MP + 2MP | 32MP Front Camera4500 mAh Lithium-ion Polymer BatteryMediatek Dimensity 1300 Processor1 Year Warranty for Phone and 6 Months Warranty for In-Box Accessories,4.3,26999.0,8.0,128,4500.0,6.43,Mediatek Dimensity 1300,OPPO
"POCO F7 5G (Cyber Silver Edition, 256 GB)","₹35,999","12 GB RAM | 256 GB ROM17.35 cm (6.83 inch) Display50MP Rear Camera | 20MP Front Camera7550 mAh Li-Polymer + Silicon Carbon Battery8s Gen 4 ProcessorRear Camera -50MP Main Camera -8MP Ultra-wide Camera with night mode and ultra-wide video recordingFront camera -20MP with Portrait Mode | | Front Video Recording | Night ModeDisplay -6.83 inch 1.5K pOLED with 120 Hz refresh rateBattery 7550mAh, 90W charger, 22.5W reverse charging1 Year Manufacturer Warranty for Phone and 6 Months Warranty for In the Box Accessories",4.4,35999.0,12.0,256,7550.0,6.83,Snapdragon 8s Gen 4,POCO
"POCO F7 5G (Cyber Silver Edition, 256 GB)","₹35,999","12 GB RAM | 256 GB ROM17.35 cm (6.83 inch) Display50MP Rear Camera | 20MP Front Camera7550 mAh Li-Polymer + Silicon Carbon Battery8s Gen 4 ProcessorRear Camera -50MP Main Camera -8MP Ultra-wide Camera with night mode and ultra-wide video recordingFront camera -20MP with Portrait Mode | | Front Video Recording | Night ModeDisplay -6.83 inch 1.5K pOLED with 120 Hz refresh rateBattery 7550mAh, 90W charger, 22.5W reverse charging1 Year Manufacturer Warranty for Phone and 6 Months Warranty for In the Box Accessories",4.4,35999.0,12.0,256,7550.0,6.83,Snapdragon 8s Gen 4,POCO
"Infinix Zero Ultra (Genesis Noir, 256 GB)","₹36,999",8 GB RAM | 256 GB ROM17.27 cm (6.8 inch) Full HD+ Display200MP + 13MP + 2MP | 32MP Front Camera4500 mAh Lithium-ion Polymer BatteryMediatek Dimensity 920 Processor1 Year on Handset and 6 Months on Accessories,4.0,36999.0,8.0,256,4500.0,6.8,Mediatek Dimensity 920,Infinix
"IQOO Neo 7 5G (Frost Blue, 256 GB)","₹38,990",12 GB RAM | 256 GB ROM17.22 cm (6.78 inch) Display64MP Rear Camera5000 mAh Battery12 Months domestic warranty,4.4,38990.0,12.0,256,5000.0,6.78,Unknown,IQOO
"Samsung Galaxy F70e 5G (Limelight Green, 128 GB)","₹12,999",4 GB RAM | 128 GB ROM | Expandable Upto 2 TB17.12 cm (6.74 inch) HD+ Display50MP + 2MP | 8MP Front Camera6000 mAh Li-ion BatteryDimensity 6300 Processor1 Year Manufacturer Warranty for Device and 6 Months for In-Box Accessories,4.2,12999.0,4.0,128,6000.0,6.74,Dimensity 6300,Samsung
"realme P4R 5G (Silver Glare, 128 GB)","₹18,999",4 GB RAM | 128 GB ROM17.27 cm (6.8 inch) HD+ Display50MP Rear Camera | 8MP Front Camera8000 mAh BLPE45 lithium-ion polymer BatteryDimensity 6300 Processor1 Year Manufacturer Warranty for Device and 6 Months Manufacturer Warranty for Inbox Accessories,,18999.0,4.0,128,8000.0,6.8,Dimensity 6300,realme
"vivo T5x 5G (Star Silver, 128 GB)","₹22,999",6 GB RAM | 128 GB ROM17.17 cm (6.76 inch) Display50MP + 2MP | 32MP Front Camera7200 mAh Li-ion BatteryDimensity 7400-Turbo Processor1 Year Manufacturer Warranty for Device and 6 Months Manufacturer Warranty for Inbox Accessories,4.4,22999.0,6.0,128,7200.0,6.76,Dimensity 7400-Turbo,vivo
"Ai+ Nova 2 5G (Blue, 64 GB)","₹11,999",4 GB RAM | 64 GB ROM | Expandable Upto 1 TB17.13 cm (6.745 inch) HD+ Display50MP Rear Camera | 8MP Front Camera6000 mAh BatteryT8200 Processor1 Year Warranty on Handset and 6 Months Warranty on the Inbox Accessories,4.5,11999.0,4.0,64,6000.0,6.745,T8200,Ai+
"Samsung M06 5G (Sage Green, 128 GB)","₹12,716",4 GB RAM | 128 GB ROM17.02 cm (6.7 inch) Display50MP Rear Camera5000 mAh Battery1 Year Manufacturer Warranty for Phone and 6 Months Warranty for In the Box Accessories,4.1,12716.0,4.0,128,5000.0,6.7,Unknown,Samsung
"Samsung M06 5G (Blazing Black, 128 GB)","₹14,565",6 GB RAM | 128 GB ROM17.02 cm (6.7 inch) Display50MP Rear Camera5000 mAh Battery1 Year Manufacturer Warranty for Phone and 6 Months Warranty for In the Box Accessories,4.1,14565.0,6.0,128,5000.0,6.7,Unknown,Samsung
"Samsung M36 5G (Velvet Black / Black, 128 GB)","₹17,768",6 GB RAM | 128 GB ROM17.02 cm (6.7 inch) Display50MP Rear Camera5000 mAh Battery1 Year Warranty,4.3,17768.0,6.0,128,5000.0,6.7,Unknown,Samsung
"MOTOROLA g37 (PANTONE Nautical Blue, 64 GB)","₹14,999",4 GB RAM | 64 GB ROM | Expandable Upto 1 TB16.92 cm (6.66 inch) HD+ Display50MP Rear Camera | 8MP Front Camera5200 mAh BatteryDimensity 6400 Processor1 Year on Handset and 6 Months on Accessories,4.3,14999.0,4.0,64,5200.0,6.66,Dimensity 6400,Motorola/Moto
"Ai+ Nova 2 5G (Black, 64 GB)","₹11,999",4 GB RAM | 64 GB ROM | Expandable Upto 1 TB17.13 cm (6.745 inch) HD+ Display50MP Rear Camera | 8MP Front Camera6000 mAh BatteryT8200 Processor1 Year Warranty on Handset and 6 Months Warranty on the Inbox Accessories,4.5,11999.0,4.0,64,6000.0,6.745,T8200,Ai+
"OPPO K14 5G (Icy Blue, 128 GB)","₹19,999",6 GB RAM | 128 GB ROM17.14 cm (6.75 inch) HD+ Display50MP Rear Camera | 8MP Front Camera7000 mAh BatteryDimensity 6300 Processor1 Year Manufacturer Warranty for Device and 6 Months Manufacturer Warranty for Inbox Accessories,4.4,19999.0,6.0,128,7000.0,6.75,Dimensity 6300,OPPO
"MOTOROLA Edge 60 Pro (Pantone Sparkling Grape, 256 GB)","₹29,999",8 GB RAM | 256 GB ROM17.02 cm (6.7 inch) Display50MP + 50MP + 10MP | 50MP Front Camera6000 mAh BatteryDimensity 8350 Processor1 Year Warranty on Handset and 6 Months Warranty on Accessories,4.3,29999.0,8.0,256,6000.0,6.7,Dimensity 8350,Motorola/Moto
"OPPO K14 5G (Prism White, 256 GB)","₹23,999",8 GB RAM | 256 GB ROM17.14 cm (6.75 inch) HD+ Display50MP Rear Camera | 8MP Front Camera7000 mAh BatteryDimensity 6300 Processor1 Year Manufacturer Warranty for Device and 6 Months Manufacturer Warranty for Inbox Accessories,4.3,23999.0,8.0,256,7000.0,6.75,Dimensity 6300,OPPO
"OPPO K14 5G (Icy Blue, 256 GB)","₹21,999",6 GB RAM | 256 GB ROM17.14 cm (6.75 inch) HD+ Display50MP Rear Camera | 8MP Front Camera7000 mAh BatteryDimensity 6300 Processor1 Year Manufacturer Warranty for Device and 6 Months Manufacturer Warranty for Inbox Accessories,4.4,21999.0,6.0,256,7000.0,6.75,Dimensity 6300,OPPO
"OPPO K14 5G (Prism White, 256 GB)","₹21,999",6 GB RAM | 256 GB ROM17.14 cm (6.75 inch) HD+ Display50MP Rear Camera | 8MP Front Camera7000 mAh BatteryDimensity 6300 Processor1 Year Manufacturer Warranty for Device and 6 Months Manufacturer Warranty for Inbox Accessories,4.4,21999.0,6.0,256,7000.0,6.75,Dimensity 6300,OPPO
"MOTOROLA Edge 70 Fusion (Pantone COUNTRY AIR, 256 GB)","₹31,999",8 GB RAM | 256 GB ROM17.27 cm (6.8 inch) Super HD Display50MP + 13MP | 32MP Front Camera7000 mAh BatterySnapdragon 7s Gen 4 Processor1 Year on Handset and 6 Months on Accessories,4.4,31999.0,8.0,256,7000.0,6.8,Snapdragon 7s Gen 4,Motorola/Moto
"MOTOROLA g37 power (PANTONE Nautical Blue, 128 GB)","₹15,999",4 GB RAM | 128 GB ROM | Expandable Upto 1 TB16.92 cm (6.66 inch) HD+ Display50MP Rear Camera | 8MP Front Camera7000 mAh BatteryDimensity 6400 Processor1 Year on Handset and 6 Months on Accessories,4.0,15999.0,4.0,128,7000.0,6.66,Dimensity 6400,Motorola/Moto
"Samsung Galaxy F70e 5G (Limelight Green, 128 GB)","₹14,999",6 GB RAM | 128 GB ROM | Expandable Upto 2 TB17.12 cm (6.74 inch) HD+ Display50MP + 2MP | 8MP Front Camera6000 mAh Li-ion BatteryDimensity 6300 Processor1 Year Manufacturer Warranty for Device and 6 Months for In-Box Accessories,4.3,14999.0,6.0,128,6000.0,6.74,Dimensity 6300,Samsung
"Samsung Galaxy F70e 5G (Spotlight Blue, 128 GB)","₹12,999",4 GB RAM | 128 GB ROM | Expandable Upto 2 TB17.12 cm (6.74 inch) HD+ Display50MP + 2MP | 8MP Front Camera6000 mAh Li-ion BatteryDimensity 6300 Processor1 Year Manufacturer Warranty for Device and 6 Months for In-Box Accessories,4.2,12999.0,4.0,128,6000.0,6.74,Dimensity 6300,Samsung
"MOTOROLA g37 (PANTONE Impenetrable, 64 GB)","₹14,999",4 GB RAM | 64 GB ROM | Expandable Upto 1 TB16.92 cm (6.66 inch) HD+ Display50MP Rear Camera | 8MP Front Camera5200 mAh BatteryDimensity 6400 Processor1 Year on Handset and 6 Months on Accessories,4.3,14999.0,4.0,64,5200.0,6.66,Dimensity 6400,Motorola/Moto
"POCO M7 Plus 5G (Carbon Black, 128 GB)","₹15,999",6 GB RAM | 128 GB ROM | Expandable Upto 2 TB17.53 cm (6.9 inch) Display50MP AI Dual Camera7000 mAh BatterySnapdragon 6s Gen 3 5G Processor1 Year Manufacturer Warranty for Phone and 6 Months Warranty for In the Box Accessories,4.3,15999.0,6.0,128,7000.0,6.9,Snapdragon 6s Gen 3 5G,POCO
"Samsung M06 5G (Sage Green, 128 GB)","₹14,957",6 GB RAM | 128 GB ROM17.02 cm (6.7 inch) Display50MP Rear Camera5000 mAh Battery1 Year Manufacturer Warranty for Phone and 6 Months Warranty for In the Box Accessories,4.1,14957.0,6.0,128,5000.0,6.7,Unknown,Samsung
